INSERT INTO `managers` (`manager_id`, `manager_name`, `manager_phone`, `manager_email`, `manager_password`, `createdAt`, `updatedAt`) VALUES
(1, 'Suresh Burde', '9730422111', 'suresh@gmail.com', '$2a$10$htw2AV3LFsrC6lkVE44.sOO4.DTU685SC/ZtGFnIWGI4OS2.5/ONa', '2021-02-24 12:38:55', '2021-02-24 12:38:55');


INSERT INTO `countries` (`country_id`, `country_name`, `createdAt`, `updatedAt`) VALUES
(4, 'Afghanistan', '0000-00-00 00:00:00', '0000-00-00 00:00:00'),
(5, 'Albania', '0000-00-00 00:00:00', '0000-00-00 00:00:00'),
(6, 'Algeria', '0000-00-00 00:00:00', '0000-00-00 00:00:00'),
(7, 'Andorra', '0000-00-00 00:00:00', '0000-00-00 00:00:00'),
(8, 'Angola', '0000-00-00 00:00:00', '0000-00-00 00:00:00'),
(9, 'Antigua and Barbuda', '0000-00-00 00:00:00', '0000-00-00 00:00:00'),
(10, 'Argentina', '0000-00-00 00:00:00', '0000-00-00 00:00:00'),
(11, 'Armenia', '0000-00-00 00:00:00', '0000-00-00 00:00:00'),
(12, 'Australia', '0000-00-00 00:00:00', '0000-00-00 00:00:00'),
(13, 'Austria', '0000-00-00 00:00:00', '0000-00-00 00:00:00'),
(14, 'Azerbaijan', '0000-00-00 00:00:00', '0000-00-00 00:00:00'),
(15, 'Bahamas, The', '0000-00-00 00:00:00', '0000-00-00 00:00:00'),
(16, 'Bahrain', '0000-00-00 00:00:00', '0000-00-00 00:00:00'),
(17, 'Bangladesh', '0000-00-00 00:00:00', '0000-00-00 00:00:00'),
(18, 'Barbados', '0000-00-00 00:00:00', '0000-00-00 00:00:00'),
(19, 'Belarus', '0000-00-00 00:00:00', '0000-00-00 00:00:00'),
(20, 'Belgium', '0000-00-00 00:00:00', '0000-00-00 00:00:00'),
(21, 'Belize', '0000-00-00 00:00:00', '0000-00-00 00:00:00'),
(22, 'Benin', '0000-00-00 00:00:00', '0000-00-00 00:00:00'),
(23, 'Bhutan', '0000-00-00 00:00:00', '0000-00-00 00:00:00'),
(24, 'Bolivia', '0000-00-00 00:00:00', '0000-00-00 00:00:00'),
(25, 'Bosnia and Herzegovina', '0000-00-00 00:00:00', '0000-00-00 00:00:00'),
(26, 'Botswana', '0000-00-00 00:00:00', '0000-00-00 00:00:00'),
(27, 'Brazil', '0000-00-00 00:00:00', '0000-00-00 00:00:00'),
(28, 'Brunei', '0000-00-00 00:00:00', '0000-00-00 00:00:00'),
(29, 'Bulgaria', '0000-00-00 00:00:00', '0000-00-00 00:00:00'),
(30, 'Burkina Faso', '0000-00-00 00:00:00', '0000-00-00 00:00:00'),
(31, 'Burma', '0000-00-00 00:00:00', '0000-00-00 00:00:00'),
(32, 'Burundi', '0000-00-00 00:00:00', '0000-00-00 00:00:00'),
(33, 'Cambodia', '0000-00-00 00:00:00', '0000-00-00 00:00:00'),
(34, 'Cameroon', '0000-00-00 00:00:00', '0000-00-00 00:00:00'),
(35, 'Canada', '0000-00-00 00:00:00', '0000-00-00 00:00:00'),
(36, 'Cape Verde', '0000-00-00 00:00:00', '0000-00-00 00:00:00'),
(37, 'Central Africa', '0000-00-00 00:00:00', '0000-00-00 00:00:00'),
(38, 'Chad', '0000-00-00 00:00:00', '0000-00-00 00:00:00'),
(39, 'Chile', '0000-00-00 00:00:00', '0000-00-00 00:00:00'),
(40, 'China', '0000-00-00 00:00:00', '0000-00-00 00:00:00'),
(41, 'Colombia', '0000-00-00 00:00:00', '0000-00-00 00:00:00'),
(42, 'Comoros', '0000-00-00 00:00:00', '0000-00-00 00:00:00'),
(43, 'Congo, Democratic Republic of the', '0000-00-00 00:00:00', '0000-00-00 00:00:00'),
(44, 'Costa Rica', '0000-00-00 00:00:00', '0000-00-00 00:00:00'),
(45, 'Cote dIvoire', '0000-00-00 00:00:00', '0000-00-00 00:00:00'),
(46, 'Crete', '0000-00-00 00:00:00', '0000-00-00 00:00:00'),
(47, 'Croatia', '0000-00-00 00:00:00', '0000-00-00 00:00:00'),
(48, 'Cuba', '0000-00-00 00:00:00', '0000-00-00 00:00:00'),
(49, 'Cyprus', '0000-00-00 00:00:00', '0000-00-00 00:00:00'),
(50, 'Czech Republic', '0000-00-00 00:00:00', '0000-00-00 00:00:00'),
(51, 'Denmark', '0000-00-00 00:00:00', '0000-00-00 00:00:00'),
(52, 'Djibouti', '0000-00-00 00:00:00', '0000-00-00 00:00:00'),
(53, 'Dominican Republic', '0000-00-00 00:00:00', '0000-00-00 00:00:00'),
(54, 'East Timor', '0000-00-00 00:00:00', '0000-00-00 00:00:00'),
(55, 'Ecuador', '0000-00-00 00:00:00', '0000-00-00 00:00:00'),
(56, 'Egypt', '0000-00-00 00:00:00', '0000-00-00 00:00:00'),
(57, 'El Salvador', '0000-00-00 00:00:00', '0000-00-00 00:00:00'),
(58, 'Equatorial Guinea', '0000-00-00 00:00:00', '0000-00-00 00:00:00'),
(59, 'Eritrea', '0000-00-00 00:00:00', '0000-00-00 00:00:00'),
(60, 'Estonia', '0000-00-00 00:00:00', '0000-00-00 00:00:00'),
(61, 'Ethiopia', '0000-00-00 00:00:00', '0000-00-00 00:00:00'),
(62, 'Fiji', '0000-00-00 00:00:00', '0000-00-00 00:00:00'),
(63, 'Finland', '0000-00-00 00:00:00', '0000-00-00 00:00:00'),
(64, 'France', '0000-00-00 00:00:00', '0000-00-00 00:00:00'),
(65, 'Gabon', '0000-00-00 00:00:00', '0000-00-00 00:00:00'),
(66, 'Gambia, The', '0000-00-00 00:00:00', '0000-00-00 00:00:00'),
(67, 'Georgia', '0000-00-00 00:00:00', '0000-00-00 00:00:00'),
(68, 'Germany', '0000-00-00 00:00:00', '0000-00-00 00:00:00'),
(69, 'Ghana', '0000-00-00 00:00:00', '0000-00-00 00:00:00'),
(70, 'Greece', '0000-00-00 00:00:00', '0000-00-00 00:00:00'),
(71, 'Grenada', '0000-00-00 00:00:00', '0000-00-00 00:00:00'),
(72, 'Guadeloupe', '0000-00-00 00:00:00', '0000-00-00 00:00:00'),
(73, 'Guatemala', '0000-00-00 00:00:00', '0000-00-00 00:00:00'),
(74, 'Guinea', '0000-00-00 00:00:00', '0000-00-00 00:00:00'),
(75, 'Guinea-Bissau', '0000-00-00 00:00:00', '0000-00-00 00:00:00'),
(76, 'Guyana', '0000-00-00 00:00:00', '0000-00-00 00:00:00'),
(77, 'Haiti', '0000-00-00 00:00:00', '0000-00-00 00:00:00'),
(78, 'Holy See', '0000-00-00 00:00:00', '0000-00-00 00:00:00'),
(79, 'Honduras', '0000-00-00 00:00:00', '0000-00-00 00:00:00'),
(80, 'Hong Kong', '0000-00-00 00:00:00', '0000-00-00 00:00:00'),
(81, 'Hungary', '0000-00-00 00:00:00', '0000-00-00 00:00:00'),
(82, 'Iceland', '0000-00-00 00:00:00', '0000-00-00 00:00:00'),
(83, 'India', '0000-00-00 00:00:00', '0000-00-00 00:00:00'),
(84, 'Indonesia', '0000-00-00 00:00:00', '0000-00-00 00:00:00'),
(85, 'Iran', '0000-00-00 00:00:00', '0000-00-00 00:00:00'),
(86, 'Iraq', '0000-00-00 00:00:00', '0000-00-00 00:00:00'),
(87, 'Ireland', '0000-00-00 00:00:00', '0000-00-00 00:00:00'),
(88, 'Israel', '0000-00-00 00:00:00', '0000-00-00 00:00:00'),
(89, 'Italy', '0000-00-00 00:00:00', '0000-00-00 00:00:00'),
(90, 'Ivory Coast', '0000-00-00 00:00:00', '0000-00-00 00:00:00'),
(91, 'Jamaica', '0000-00-00 00:00:00', '0000-00-00 00:00:00'),
(92, 'Japan', '0000-00-00 00:00:00', '0000-00-00 00:00:00'),
(93, 'Jordan', '0000-00-00 00:00:00', '0000-00-00 00:00:00'),
(94, 'Kazakhstan', '0000-00-00 00:00:00', '0000-00-00 00:00:00'),
(95, 'Kenya', '0000-00-00 00:00:00', '0000-00-00 00:00:00'),
(96, 'Kiribati', '0000-00-00 00:00:00', '0000-00-00 00:00:00'),
(97, 'Korea, North', '0000-00-00 00:00:00', '0000-00-00 00:00:00'),
(98, 'Korea, South', '0000-00-00 00:00:00', '0000-00-00 00:00:00'),
(99, 'Kosovo', '0000-00-00 00:00:00', '0000-00-00 00:00:00'),
(100, 'Kuwait', '0000-00-00 00:00:00', '0000-00-00 00:00:00'),
(101, 'Kyrgyzstan', '0000-00-00 00:00:00', '0000-00-00 00:00:00'),
(102, 'Laos', '0000-00-00 00:00:00', '0000-00-00 00:00:00'),
(103, 'Latvia', '0000-00-00 00:00:00', '0000-00-00 00:00:00'),
(104, 'Lebanon', '0000-00-00 00:00:00', '0000-00-00 00:00:00'),
(105, 'Lesotho', '0000-00-00 00:00:00', '0000-00-00 00:00:00'),
(106, 'Liberia', '0000-00-00 00:00:00', '0000-00-00 00:00:00'),
(107, 'Libya', '0000-00-00 00:00:00', '0000-00-00 00:00:00'),
(108, 'Liechtenstein', '0000-00-00 00:00:00', '0000-00-00 00:00:00'),
(109, 'Lithuania', '0000-00-00 00:00:00', '0000-00-00 00:00:00'),
(110, 'Macau', '0000-00-00 00:00:00', '0000-00-00 00:00:00'),
(111, 'Macedonia', '0000-00-00 00:00:00', '0000-00-00 00:00:00'),
(112, 'Madagascar', '0000-00-00 00:00:00', '0000-00-00 00:00:00'),
(113, 'Malawi', '0000-00-00 00:00:00', '0000-00-00 00:00:00'),
(114, 'Malaysia', '0000-00-00 00:00:00', '0000-00-00 00:00:00'),
(115, 'Maldives', '0000-00-00 00:00:00', '0000-00-00 00:00:00'),
(116, 'Mali', '0000-00-00 00:00:00', '0000-00-00 00:00:00'),
(117, 'Malta', '0000-00-00 00:00:00', '0000-00-00 00:00:00'),
(118, 'Marshall Islands', '0000-00-00 00:00:00', '0000-00-00 00:00:00'),
(119, 'Mauritania', '0000-00-00 00:00:00', '0000-00-00 00:00:00'),
(120, 'Mauritius', '0000-00-00 00:00:00', '0000-00-00 00:00:00'),
(121, 'Mexico', '0000-00-00 00:00:00', '0000-00-00 00:00:00'),
(122, 'Micronesia', '0000-00-00 00:00:00', '0000-00-00 00:00:00'),
(123, 'Moldova', '0000-00-00 00:00:00', '0000-00-00 00:00:00'),
(124, 'Monaco', '0000-00-00 00:00:00', '0000-00-00 00:00:00'),
(125, 'Mongolia', '0000-00-00 00:00:00', '0000-00-00 00:00:00'),
(126, 'Montenegro', '0000-00-00 00:00:00', '0000-00-00 00:00:00'),
(127, 'Morocco', '0000-00-00 00:00:00', '0000-00-00 00:00:00'),
(128, 'Mozambique', '0000-00-00 00:00:00', '0000-00-00 00:00:00'),
(129, 'Namibia', '0000-00-00 00:00:00', '0000-00-00 00:00:00'),
(130, 'Nauru', '0000-00-00 00:00:00', '0000-00-00 00:00:00'),
(131, 'Nepal', '0000-00-00 00:00:00', '0000-00-00 00:00:00'),
(132, 'Netherlands', '0000-00-00 00:00:00', '0000-00-00 00:00:00'),
(133, 'New Zealand', '0000-00-00 00:00:00', '0000-00-00 00:00:00'),
(134, 'Nicaragua', '0000-00-00 00:00:00', '0000-00-00 00:00:00'),
(135, 'Niger', '0000-00-00 00:00:00', '0000-00-00 00:00:00'),
(136, 'Nigeria', '0000-00-00 00:00:00', '0000-00-00 00:00:00'),
(137, 'North Korea', '0000-00-00 00:00:00', '0000-00-00 00:00:00'),
(138, 'Norway', '0000-00-00 00:00:00', '0000-00-00 00:00:00'),
(139, 'Oman', '0000-00-00 00:00:00', '0000-00-00 00:00:00'),
(140, 'Pakistan', '0000-00-00 00:00:00', '0000-00-00 00:00:00'),
(141, 'Palau', '0000-00-00 00:00:00', '0000-00-00 00:00:00'),
(142, 'Panama', '0000-00-00 00:00:00', '0000-00-00 00:00:00'),
(143, 'Papua New Guinea', '0000-00-00 00:00:00', '0000-00-00 00:00:00'),
(144, 'Paraguay', '0000-00-00 00:00:00', '0000-00-00 00:00:00'),
(145, 'Peru', '0000-00-00 00:00:00', '0000-00-00 00:00:00'),
(146, 'Philippines', '0000-00-00 00:00:00', '0000-00-00 00:00:00'),
(147, 'Poland', '0000-00-00 00:00:00', '0000-00-00 00:00:00'),
(148, 'Portugal', '0000-00-00 00:00:00', '0000-00-00 00:00:00'),
(149, 'Qatar', '0000-00-00 00:00:00', '0000-00-00 00:00:00'),
(150, 'Romania', '0000-00-00 00:00:00', '0000-00-00 00:00:00'),
(151, 'Russia', '0000-00-00 00:00:00', '0000-00-00 00:00:00'),
(152, 'Rwanda', '0000-00-00 00:00:00', '0000-00-00 00:00:00'),
(153, 'Saint Lucia', '0000-00-00 00:00:00', '0000-00-00 00:00:00'),
(154, 'Saint Vincent and the Grenadines', '0000-00-00 00:00:00', '0000-00-00 00:00:00'),
(155, 'Samoa', '0000-00-00 00:00:00', '0000-00-00 00:00:00'),
(156, 'San Marino', '0000-00-00 00:00:00', '0000-00-00 00:00:00'),
(157, 'Sao Tome and Principe', '0000-00-00 00:00:00', '0000-00-00 00:00:00'),
(158, 'Saudi Arabia', '0000-00-00 00:00:00', '0000-00-00 00:00:00'),
(159, 'Scotland', '0000-00-00 00:00:00', '0000-00-00 00:00:00'),
(160, 'Senegal', '0000-00-00 00:00:00', '0000-00-00 00:00:00'),
(161, 'Serbia', '0000-00-00 00:00:00', '0000-00-00 00:00:00'),
(162, 'Seychelles', '0000-00-00 00:00:00', '0000-00-00 00:00:00'),
(163, 'Sierra Leone', '0000-00-00 00:00:00', '0000-00-00 00:00:00'),
(164, 'Singapore', '0000-00-00 00:00:00', '0000-00-00 00:00:00'),
(165, 'Slovakia', '0000-00-00 00:00:00', '0000-00-00 00:00:00'),
(166, 'Slovenia', '0000-00-00 00:00:00', '0000-00-00 00:00:00'),
(167, 'Solomon Islands', '0000-00-00 00:00:00', '0000-00-00 00:00:00'),
(168, 'Somalia', '0000-00-00 00:00:00', '0000-00-00 00:00:00'),
(169, 'South Africa', '0000-00-00 00:00:00', '0000-00-00 00:00:00'),
(170, 'South Korea', '0000-00-00 00:00:00', '0000-00-00 00:00:00'),
(171, 'Spain', '0000-00-00 00:00:00', '0000-00-00 00:00:00'),
(172, 'Sri Lanka', '0000-00-00 00:00:00', '0000-00-00 00:00:00'),
(173, 'Sudan', '0000-00-00 00:00:00', '0000-00-00 00:00:00'),
(174, 'Suriname', '0000-00-00 00:00:00', '0000-00-00 00:00:00'),
(175, 'Swaziland', '0000-00-00 00:00:00', '0000-00-00 00:00:00'),
(176, 'Sweden', '0000-00-00 00:00:00', '0000-00-00 00:00:00'),
(177, 'Switzerland', '0000-00-00 00:00:00', '0000-00-00 00:00:00'),
(178, 'Syria', '0000-00-00 00:00:00', '0000-00-00 00:00:00'),
(179, 'Taiwan', '0000-00-00 00:00:00', '0000-00-00 00:00:00'),
(180, 'Tajikistan', '0000-00-00 00:00:00', '0000-00-00 00:00:00'),
(181, 'Tanzania', '0000-00-00 00:00:00', '0000-00-00 00:00:00'),
(182, 'Thailand', '0000-00-00 00:00:00', '0000-00-00 00:00:00'),
(183, 'Tibet', '0000-00-00 00:00:00', '0000-00-00 00:00:00'),
(184, 'Timor-Leste', '0000-00-00 00:00:00', '0000-00-00 00:00:00'),
(185, 'Togo', '0000-00-00 00:00:00', '0000-00-00 00:00:00'),
(186, 'Tonga', '0000-00-00 00:00:00', '0000-00-00 00:00:00'),
(187, 'Trinidad and Tobago', '0000-00-00 00:00:00', '0000-00-00 00:00:00'),
(188, 'Tunisia', '0000-00-00 00:00:00', '0000-00-00 00:00:00'),
(189, 'Turkey', '0000-00-00 00:00:00', '0000-00-00 00:00:00'),
(190, 'Turkmenistan', '0000-00-00 00:00:00', '0000-00-00 00:00:00'),
(191, 'Tuvalu', '0000-00-00 00:00:00', '0000-00-00 00:00:00'),
(192, 'Uganda', '0000-00-00 00:00:00', '0000-00-00 00:00:00'),
(193, 'Ukraine', '0000-00-00 00:00:00', '0000-00-00 00:00:00'),
(194, 'United Arab Emirates', '0000-00-00 00:00:00', '0000-00-00 00:00:00'),
(195, 'United Kingdom', '0000-00-00 00:00:00', '0000-00-00 00:00:00'),
(196, 'United States', '0000-00-00 00:00:00', '0000-00-00 00:00:00'),
(197, 'Uruguay', '0000-00-00 00:00:00', '0000-00-00 00:00:00'),
(198, 'Uzbekistan', '0000-00-00 00:00:00', '0000-00-00 00:00:00'),
(199, 'Vanuatu', '0000-00-00 00:00:00', '0000-00-00 00:00:00'),
(200, 'Venezuela', '0000-00-00 00:00:00', '0000-00-00 00:00:00'),
(201, 'Vietnam', '0000-00-00 00:00:00', '0000-00-00 00:00:00'),
(202, 'Yemen', '0000-00-00 00:00:00', '0000-00-00 00:00:00'),
(203, 'Zambia', '0000-00-00 00:00:00', '0000-00-00 00:00:00'),
(204, 'Zimbabwe', '0000-00-00 00:00:00', '0000-00-00 00:00:00');


INSERT INTO `employees` (`employee_id`, `employee_name`, `employee_phone`, `employee_email`, `employee_password`, `manager_id`, `country_id`, `createdAt`, `updatedAt`, `color`) VALUES
(2, 'Paddy Bhambare', '9730422111', 'paddy@gmail.com', 'paddy@123', 1, 83, '2021-02-25 09:23:49', '2021-02-25 09:23:49', '#800000'),
(3, 'Shubham Yadav', '589741569', 'shubham@gmail.com', 'shubham@123', 1, 83, '2021-02-25 09:43:42', '2021-02-25 09:43:42', '	#808000'),
(4, 'Rohit Mahale', '2552565666', 'rohit@gmail.com', 'rohit@123', 1, 195, '2021-02-25 09:44:27', '2021-02-25 09:44:27', '#008080'),
(5, 'Divya Kulkarni', '2563658566', 'divya@gmail.com', 'divya@123', 1, 92, '2021-02-25 09:45:07', '2021-02-25 09:45:07', '#000080'),
(6, 'Suyasha Pujari', '2532266', 'suyasha@gmail.com', 'suyasha@123', 1, 92, '2021-02-25 09:45:41', '2021-02-25 09:45:41', '#800080'),
(7, 'Akhil Suresh', '05252566589', 'akhil@gmail.com', 'akhil@gmail.com', 1, 196, '2021-02-25 09:46:56', '2021-02-25 09:46:56', '#006666'),
(8, 'Anish Marathe', '556255894984', 'anish@gmail.com', 'anish@123', 1, 12, '2021-02-25 09:47:41', '2021-02-25 09:47:41', '#660033'),
(9, 'Anis Tamboli', '5516545', 'anis@gmail.com', 'anis@123', 1, 83, '2021-02-25 09:48:18', '2021-02-25 09:48:18', '#993300'),
(10, 'Shruti Abraham', '65464565', 'shruti@gmail.com', 'shruti@123', 1, 68, '2021-02-25 09:49:15', '2021-02-25 09:49:15', '#CC0000');

INSERT INTO `groups` (`group_id`, `group_name`, `threshold`, `createdAt`, `updatedAt`) VALUES
(1, 'Trip', 60, '2021-02-25 05:40:40', '2021-02-25 05:40:40'),
(3, 'Team Blue', 70, '2021-02-25 05:45:43', '2021-02-25 05:45:43'),
(4, 'TT-1stLine', 75, '2021-02-25 05:53:22', '2021-02-25 05:53:22'),
(5, 'TT-Functional', 60, '2021-02-25 05:57:33', '2021-02-25 05:57:33'),
(6, 'TT-Technical', 60, '2021-02-25 06:00:42', '2021-02-25 06:00:42'),
(7, 'DT-1stLine', 60, '2021-02-25 06:02:00', '2021-02-25 06:02:00'),
(8, 'DT-Functional', 60, '2021-02-25 06:05:59', '2021-02-25 06:05:59'),
(9, 'GT-Technical', 60, '2021-02-25 06:10:01', '2021-02-25 06:10:01'),
(10, 'GT-1stLine', 60, '2021-02-25 06:10:27', '2021-02-25 06:10:27'),
(11, 'JP-1stLine', 50, '2021-02-25 06:10:40', '2021-02-25 06:10:40'),
(12, 'TT-Core', 50, '2021-02-25 06:10:50', '2021-02-25 06:10:50'),
(13, 'Paddy', 70, '2021-03-02 13:20:14', '2021-03-02 13:20:14'),
(15, 'Team Modern', 70, '2021-03-02 14:42:26', '2021-03-02 14:42:26');



INSERT INTO `empgrps` (`empgrp_id`, `group_id`, `employee_id`, `createdAt`, `updatedAt`) VALUES
(1, 3, 5, '2021-02-25 00:00:00', '2021-02-25 00:00:00'),
(2, 4, 2, '2021-02-25 00:00:00', '2021-02-25 00:00:00'),
(28, 12, 4, '2021-02-27 16:18:35', '2021-02-27 16:18:35'),
(29, 12, 2, '2021-02-27 16:21:19', '2021-02-27 16:21:19'),
(31, 3, 4, '2021-02-28 08:02:46', '2021-02-28 08:02:46'),
(32, 3, 6, '2021-02-28 08:03:07', '2021-02-28 08:03:07'),
(39, 3, 2, '2021-03-02 14:34:29', '2021-03-02 14:34:29'),
(41, 3, 7, '2021-03-02 14:34:44', '2021-03-02 14:34:44'),
(42, 15, 2, '2021-03-02 14:42:26', '2021-03-02 14:42:26'),
(43, 15, 3, '2021-03-02 14:42:26', '2021-03-02 14:42:26'),
(44, 15, 4, '2021-03-02 14:43:15', '2021-03-02 14:43:15'),
(46, 4, 3, '2021-03-02 15:04:46', '2021-03-02 15:04:46'),
(47, 4, 6, '2021-03-02 15:04:49', '2021-03-02 15:04:49'),
(48, 4, 9, '2021-03-02 15:04:52', '2021-03-02 15:04:52'),
(49, 12, 5, '2021-03-02 15:05:31', '2021-03-02 15:05:31'),
(50, 3, 3, '2021-03-03 04:49:27', '2021-03-03 04:49:27');

INSERT INTO `leaves` (`leave_id`, `start_date`, `end_date`, `employee_id`, `createdAt`, `updatedAt`) VALUES
(164, '2021-02-02', '2021-02-06', 3, '2021-03-02 15:05:53', '2021-03-02 15:05:53'),
(165, '2021-02-02', '2021-02-04', 2, '2021-03-02 15:06:28', '2021-03-02 15:06:28'),
(166, '2021-02-02', '2021-02-08', 5, '2021-03-02 15:06:54', '2021-03-02 15:06:54'),
(167, '2021-03-04', '2021-03-06', 6, '2021-03-02 15:07:17', '2021-03-02 15:07:17'),
(168, '2021-03-02', '2021-03-07', 2, '2021-03-02 15:10:42', '2021-03-02 15:10:42'),
(169, '2021-03-03', '2021-03-05', 3, '2021-03-02 15:11:07', '2021-03-02 15:11:07'),
(170, '2021-03-04', '2021-03-06', 4, '2021-03-02 15:11:29', '2021-03-02 15:11:29'),
(171, '2021-03-02', '2021-03-06', 5, '2021-03-02 15:11:52', '2021-03-02 15:11:52'),
(172, '2021-03-17', '2021-03-19', 4, '2021-03-03 04:47:54', '2021-03-03 04:47:54');

INSERT INTO `publicholidays` (`public_holiday_id`, `public_holiday_name`, `public_holiday_date`, `country_id`, `createdAt`, `updatedAt`) VALUES
(1, 'Lohri', '2021-01-13', 83, '0000-00-00 00:00:00', '0000-00-00 00:00:00'),
(2, 'New Year', '2021-01-01', 83, '0000-00-00 00:00:00', '0000-00-00 00:00:00'),
(3, 'Makar Sankranti/Pongal', '2021-01-14', 83, '0000-00-00 00:00:00', '0000-00-00 00:00:00'),
(4, 'Guru Gobind Singh\'s Birthday', '2021-01-20', 83, '0000-00-00 00:00:00', '0000-00-00 00:00:00'),
(5, 'Republic Day (G)', '2021-01-26', 83, '0000-00-00 00:00:00', '0000-00-00 00:00:00'),
(6, 'Basant Panchami / Sri Panchami', '2021-02-16', 83, '0000-00-00 00:00:00', '0000-00-00 00:00:00'),
(7, 'Shivaji Maharaj Jayanti', '2021-02-19', 83, '0000-00-00 00:00:00', '0000-00-00 00:00:00'),
(8, 'Hazarat Ali\'s Birthday', '2021-02-26', 83, '0000-00-00 00:00:00', '0000-00-00 00:00:00'),
(9, 'Guru Ravidas\'s Birthday', '2021-02-27', 83, '0000-00-00 00:00:00', '0000-00-00 00:00:00'),
(10, 'Swami Dayananda Saraswati Jayanti', '2021-03-08', 83, '0000-00-00 00:00:00', '0000-00-00 00:00:00'),
(11, 'Maha Shivaratri', '2021-03-11', 83, '0000-00-00 00:00:00', '0000-00-00 00:00:00'),
(12, 'Holika Dahan/Dolyatra', '2021-03-28', 83, '0000-00-00 00:00:00', '0000-00-00 00:00:00'),
(13, 'Holi (G)', '2021-03-29', 83, '0000-00-00 00:00:00', '0000-00-00 00:00:00'),
(14, 'Good Friday (G)', '2021-04-02', 83, '0000-00-00 00:00:00', '0000-00-00 00:00:00'),
(15, 'Chaitra Sukladi / Gudi Padava / Ugadi / Cheti Chand / Vaisakhi / Vishu', '2021-04-13', 83, '0000-00-00 00:00:00', '0000-00-00 00:00:00'),
(16, 'Ram Navami (G)', '2021-04-21', 83, '0000-00-00 00:00:00', '0000-00-00 00:00:00'),
(17, 'Mahavir Jayanti (G)', '2021-04-25', 83, '0000-00-00 00:00:00', '0000-00-00 00:00:00'),
(18, 'Labour Day', '2021-05-01', 83, '0000-00-00 00:00:00', '0000-00-00 00:00:00'),
(19, 'Eid-ul-Fitar (G)', '2021-05-14', 83, '0000-00-00 00:00:00', '0000-00-00 00:00:00'),
(20, 'Buddha Purnima (G)', '2021-05-26', 83, '0000-00-00 00:00:00', '0000-00-00 00:00:00'),
(21, 'Rath Yatra', '2021-07-12', 83, '0000-00-00 00:00:00', '0000-00-00 00:00:00'),
(22, 'Id-ul-Zuha (Bakrid) (G)', '2021-07-21', 83, '0000-00-00 00:00:00', '0000-00-00 00:00:00'),
(23, 'Independence Day (G)', '2021-08-15', 83, '0000-00-00 00:00:00', '0000-00-00 00:00:00'),
(24, 'Muharram (G)', '2021-08-19', 83, '0000-00-00 00:00:00', '0000-00-00 00:00:00'),
(25, 'Onam', '2021-08-21', 83, '0000-00-00 00:00:00', '0000-00-00 00:00:00'),
(26, 'Raksha Bandhan', '2021-08-22', 83, '0000-00-00 00:00:00', '0000-00-00 00:00:00'),
(27, 'Janamashtami (G)', '2021-08-30', 83, '0000-00-00 00:00:00', '0000-00-00 00:00:00'),
(28, 'Vinayaka Chaturthi', '2021-09-10', 83, '0000-00-00 00:00:00', '0000-00-00 00:00:00'),
(29, 'Gandhi Jayanti (G)', '2021-10-02', 83, '0000-00-00 00:00:00', '0000-00-00 00:00:00'),
(30, 'Dussehra (G)', '2021-10-15', 83, '0000-00-00 00:00:00', '0000-00-00 00:00:00'),
(31, 'Milad-un-Nabi or Id-e-Milad (G)', '2021-10-19', 83, '0000-00-00 00:00:00', '0000-00-00 00:00:00'),
(32, 'Diwali (G)', '2021-11-04', 83, '0000-00-00 00:00:00', '0000-00-00 00:00:00'),
(33, 'Bhai Duj', '2021-11-06', 83, '0000-00-00 00:00:00', '0000-00-00 00:00:00'),
(34, 'Gurupurab (G)', '2021-11-19', 83, '0000-00-00 00:00:00', '0000-00-00 00:00:00'),
(35, 'Christmas (G)', '2021-12-25', 83, '0000-00-00 00:00:00', '0000-00-00 00:00:00');

INSERT INTO `risks` (`risk_id`, `start_date`, `end_date`, `description`, `risk_type`, `group_id`, `createdAt`, `updatedAt`) VALUES
(27, '2021-02-02', '2021-02-08', 'Required Employees : 2  Current Working Employees : 1', 'red', 12, '2021-03-02 15:06:55', '2021-03-02 15:06:55'),
(28, '2021-03-02', '2021-03-07', 'Required Employees : 3  Current Working Employees : 2', 'red', 4, '2021-03-02 15:10:42', '2021-03-02 15:10:42'),
(29, '2021-03-02', '2021-03-06', 'Required Employees : 4  Current Working Employees : 2', 'red', 3, '2021-03-02 15:11:52', '2021-03-02 15:11:52'),
(30, '2021-03-02', '2021-03-06', 'Required Employees : 2  Current Working Employees : 1', 'red', 12, '2021-03-02 15:11:52', '2021-03-02 15:11:52');
