use ltdb;

INSERT INTO `countries` (`country_id`, `country_name`, `createdAt`, `updatedAt`) VALUES
(4, 'Afghanistan', '0000-00-00 00:00:00', '0000-00-00 00:00:00'),
(5, 'Albania', '0000-00-00 00:00:00', '0000-00-00 00:00:00'),
(6, 'Algeria', '0000-00-00 00:00:00', '0000-00-00 00:00:00'),
(7, 'Andorra', '0000-00-00 00:00:00', '0000-00-00 00:00:00'),
(8, 'Angola', '0000-00-00 00:00:00', '0000-00-00 00:00:00'),
(9, 'Antigua and Barbuda', '0000-00-00 00:00:00', '0000-00-00 00:00:00'),
(10, 'Argentina', '0000-00-00 00:00:00', '0000-00-00 00:00:00'),
(11, 'Armenia', '0000-00-00 00:00:00', '0000-00-00 00:00:00'),
(12, 'Australia', '0000-00-00 00:00:00', '0000-00-00 00:00:00'),
(13, 'Austria', '0000-00-00 00:00:00', '0000-00-00 00:00:00'),
(14, 'Azerbaijan', '0000-00-00 00:00:00', '0000-00-00 00:00:00'),
(15, 'Bahamas, The', '0000-00-00 00:00:00', '0000-00-00 00:00:00'),
(16, 'Bahrain', '0000-00-00 00:00:00', '0000-00-00 00:00:00'),
(17, 'Bangladesh', '0000-00-00 00:00:00', '0000-00-00 00:00:00'),
(18, 'Barbados', '0000-00-00 00:00:00', '0000-00-00 00:00:00'),
(19, 'Belarus', '0000-00-00 00:00:00', '0000-00-00 00:00:00'),
(20, 'Belgium', '0000-00-00 00:00:00', '0000-00-00 00:00:00'),
(21, 'Belize', '0000-00-00 00:00:00', '0000-00-00 00:00:00'),
(22, 'Benin', '0000-00-00 00:00:00', '0000-00-00 00:00:00'),
(23, 'Bhutan', '0000-00-00 00:00:00', '0000-00-00 00:00:00'),
(24, 'Bolivia', '0000-00-00 00:00:00', '0000-00-00 00:00:00'),
(25, 'Bosnia and Herzegovina', '0000-00-00 00:00:00', '0000-00-00 00:00:00'),
(26, 'Botswana', '0000-00-00 00:00:00', '0000-00-00 00:00:00'),
(27, 'Brazil', '0000-00-00 00:00:00', '0000-00-00 00:00:00'),
(28, 'Brunei', '0000-00-00 00:00:00', '0000-00-00 00:00:00'),
(29, 'Bulgaria', '0000-00-00 00:00:00', '0000-00-00 00:00:00'),
(30, 'Burkina Faso', '0000-00-00 00:00:00', '0000-00-00 00:00:00'),
(31, 'Burma', '0000-00-00 00:00:00', '0000-00-00 00:00:00'),
(32, 'Burundi', '0000-00-00 00:00:00', '0000-00-00 00:00:00'),
(33, 'Cambodia', '0000-00-00 00:00:00', '0000-00-00 00:00:00'),
(34, 'Cameroon', '0000-00-00 00:00:00', '0000-00-00 00:00:00'),
(35, 'Canada', '0000-00-00 00:00:00', '0000-00-00 00:00:00'),
(36, 'Cape Verde', '0000-00-00 00:00:00', '0000-00-00 00:00:00'),
(37, 'Central Africa', '0000-00-00 00:00:00', '0000-00-00 00:00:00'),
(38, 'Chad', '0000-00-00 00:00:00', '0000-00-00 00:00:00'),
(39, 'Chile', '0000-00-00 00:00:00', '0000-00-00 00:00:00'),
(40, 'China', '0000-00-00 00:00:00', '0000-00-00 00:00:00'),
(41, 'Colombia', '0000-00-00 00:00:00', '0000-00-00 00:00:00'),
(42, 'Comoros', '0000-00-00 00:00:00', '0000-00-00 00:00:00'),
(43, 'Congo, Democratic Republic of the', '0000-00-00 00:00:00', '0000-00-00 00:00:00'),
(44, 'Costa Rica', '0000-00-00 00:00:00', '0000-00-00 00:00:00'),
(45, 'Cote dIvoire', '0000-00-00 00:00:00', '0000-00-00 00:00:00'),
(46, 'Crete', '0000-00-00 00:00:00', '0000-00-00 00:00:00'),
(47, 'Croatia', '0000-00-00 00:00:00', '0000-00-00 00:00:00'),
(48, 'Cuba', '0000-00-00 00:00:00', '0000-00-00 00:00:00'),
(49, 'Cyprus', '0000-00-00 00:00:00', '0000-00-00 00:00:00'),
(50, 'Czech Republic', '0000-00-00 00:00:00', '0000-00-00 00:00:00'),
(51, 'Denmark', '0000-00-00 00:00:00', '0000-00-00 00:00:00'),
(52, 'Djibouti', '0000-00-00 00:00:00', '0000-00-00 00:00:00'),
(53, 'Dominican Republic', '0000-00-00 00:00:00', '0000-00-00 00:00:00'),
(54, 'East Timor', '0000-00-00 00:00:00', '0000-00-00 00:00:00'),
(55, 'Ecuador', '0000-00-00 00:00:00', '0000-00-00 00:00:00'),
(56, 'Egypt', '0000-00-00 00:00:00', '0000-00-00 00:00:00'),
(57, 'El Salvador', '0000-00-00 00:00:00', '0000-00-00 00:00:00'),
(58, 'Equatorial Guinea', '0000-00-00 00:00:00', '0000-00-00 00:00:00'),
(59, 'Eritrea', '0000-00-00 00:00:00', '0000-00-00 00:00:00'),
(60, 'Estonia', '0000-00-00 00:00:00', '0000-00-00 00:00:00'),
(61, 'Ethiopia', '0000-00-00 00:00:00', '0000-00-00 00:00:00'),
(62, 'Fiji', '0000-00-00 00:00:00', '0000-00-00 00:00:00'),
(63, 'Finland', '0000-00-00 00:00:00', '0000-00-00 00:00:00'),
(64, 'France', '0000-00-00 00:00:00', '0000-00-00 00:00:00'),
(65, 'Gabon', '0000-00-00 00:00:00', '0000-00-00 00:00:00'),
(66, 'Gambia, The', '0000-00-00 00:00:00', '0000-00-00 00:00:00'),
(67, 'Georgia', '0000-00-00 00:00:00', '0000-00-00 00:00:00'),
(68, 'Germany', '0000-00-00 00:00:00', '0000-00-00 00:00:00'),
(69, 'Ghana', '0000-00-00 00:00:00', '0000-00-00 00:00:00'),
(70, 'Greece', '0000-00-00 00:00:00', '0000-00-00 00:00:00'),
(71, 'Grenada', '0000-00-00 00:00:00', '0000-00-00 00:00:00'),
(72, 'Guadeloupe', '0000-00-00 00:00:00', '0000-00-00 00:00:00'),
(73, 'Guatemala', '0000-00-00 00:00:00', '0000-00-00 00:00:00'),
(74, 'Guinea', '0000-00-00 00:00:00', '0000-00-00 00:00:00'),
(75, 'Guinea-Bissau', '0000-00-00 00:00:00', '0000-00-00 00:00:00'),
(76, 'Guyana', '0000-00-00 00:00:00', '0000-00-00 00:00:00'),
(77, 'Haiti', '0000-00-00 00:00:00', '0000-00-00 00:00:00'),
(78, 'Holy See', '0000-00-00 00:00:00', '0000-00-00 00:00:00'),
(79, 'Honduras', '0000-00-00 00:00:00', '0000-00-00 00:00:00'),
(80, 'Hong Kong', '0000-00-00 00:00:00', '0000-00-00 00:00:00'),
(81, 'Hungary', '0000-00-00 00:00:00', '0000-00-00 00:00:00'),
(82, 'Iceland', '0000-00-00 00:00:00', '0000-00-00 00:00:00'),
(83, 'India', '0000-00-00 00:00:00', '0000-00-00 00:00:00'),
(84, 'Indonesia', '0000-00-00 00:00:00', '0000-00-00 00:00:00'),
(85, 'Iran', '0000-00-00 00:00:00', '0000-00-00 00:00:00'),
(86, 'Iraq', '0000-00-00 00:00:00', '0000-00-00 00:00:00'),
(87, 'Ireland', '0000-00-00 00:00:00', '0000-00-00 00:00:00'),
(88, 'Israel', '0000-00-00 00:00:00', '0000-00-00 00:00:00'),
(89, 'Italy', '0000-00-00 00:00:00', '0000-00-00 00:00:00'),
(90, 'Ivory Coast', '0000-00-00 00:00:00', '0000-00-00 00:00:00'),
(91, 'Jamaica', '0000-00-00 00:00:00', '0000-00-00 00:00:00'),
(92, 'Japan', '0000-00-00 00:00:00', '0000-00-00 00:00:00'),
(93, 'Jordan', '0000-00-00 00:00:00', '0000-00-00 00:00:00'),
(94, 'Kazakhstan', '0000-00-00 00:00:00', '0000-00-00 00:00:00'),
(95, 'Kenya', '0000-00-00 00:00:00', '0000-00-00 00:00:00'),
(96, 'Kiribati', '0000-00-00 00:00:00', '0000-00-00 00:00:00'),
(97, 'Korea, North', '0000-00-00 00:00:00', '0000-00-00 00:00:00'),
(98, 'Korea, South', '0000-00-00 00:00:00', '0000-00-00 00:00:00'),
(99, 'Kosovo', '0000-00-00 00:00:00', '0000-00-00 00:00:00'),
(100, 'Kuwait', '0000-00-00 00:00:00', '0000-00-00 00:00:00'),
(101, 'Kyrgyzstan', '0000-00-00 00:00:00', '0000-00-00 00:00:00'),
(102, 'Laos', '0000-00-00 00:00:00', '0000-00-00 00:00:00'),
(103, 'Latvia', '0000-00-00 00:00:00', '0000-00-00 00:00:00'),
(104, 'Lebanon', '0000-00-00 00:00:00', '0000-00-00 00:00:00'),
(105, 'Lesotho', '0000-00-00 00:00:00', '0000-00-00 00:00:00'),
(106, 'Liberia', '0000-00-00 00:00:00', '0000-00-00 00:00:00'),
(107, 'Libya', '0000-00-00 00:00:00', '0000-00-00 00:00:00'),
(108, 'Liechtenstein', '0000-00-00 00:00:00', '0000-00-00 00:00:00'),
(109, 'Lithuania', '0000-00-00 00:00:00', '0000-00-00 00:00:00'),
(110, 'Macau', '0000-00-00 00:00:00', '0000-00-00 00:00:00'),
(111, 'Macedonia', '0000-00-00 00:00:00', '0000-00-00 00:00:00'),
(112, 'Madagascar', '0000-00-00 00:00:00', '0000-00-00 00:00:00'),
(113, 'Malawi', '0000-00-00 00:00:00', '0000-00-00 00:00:00'),
(114, 'Malaysia', '0000-00-00 00:00:00', '0000-00-00 00:00:00'),
(115, 'Maldives', '0000-00-00 00:00:00', '0000-00-00 00:00:00'),
(116, 'Mali', '0000-00-00 00:00:00', '0000-00-00 00:00:00'),
(117, 'Malta', '0000-00-00 00:00:00', '0000-00-00 00:00:00'),
(118, 'Marshall Islands', '0000-00-00 00:00:00', '0000-00-00 00:00:00'),
(119, 'Mauritania', '0000-00-00 00:00:00', '0000-00-00 00:00:00'),
(120, 'Mauritius', '0000-00-00 00:00:00', '0000-00-00 00:00:00'),
(121, 'Mexico', '0000-00-00 00:00:00', '0000-00-00 00:00:00'),
(122, 'Micronesia', '0000-00-00 00:00:00', '0000-00-00 00:00:00'),
(123, 'Moldova', '0000-00-00 00:00:00', '0000-00-00 00:00:00'),
(124, 'Monaco', '0000-00-00 00:00:00', '0000-00-00 00:00:00'),
(125, 'Mongolia', '0000-00-00 00:00:00', '0000-00-00 00:00:00'),
(126, 'Montenegro', '0000-00-00 00:00:00', '0000-00-00 00:00:00'),
(127, 'Morocco', '0000-00-00 00:00:00', '0000-00-00 00:00:00'),
(128, 'Mozambique', '0000-00-00 00:00:00', '0000-00-00 00:00:00'),
(129, 'Namibia', '0000-00-00 00:00:00', '0000-00-00 00:00:00'),
(130, 'Nauru', '0000-00-00 00:00:00', '0000-00-00 00:00:00'),
(131, 'Nepal', '0000-00-00 00:00:00', '0000-00-00 00:00:00'),
(132, 'Netherlands', '0000-00-00 00:00:00', '0000-00-00 00:00:00'),
(133, 'New Zealand', '0000-00-00 00:00:00', '0000-00-00 00:00:00'),
(134, 'Nicaragua', '0000-00-00 00:00:00', '0000-00-00 00:00:00'),
(135, 'Niger', '0000-00-00 00:00:00', '0000-00-00 00:00:00'),
(136, 'Nigeria', '0000-00-00 00:00:00', '0000-00-00 00:00:00'),
(137, 'North Korea', '0000-00-00 00:00:00', '0000-00-00 00:00:00'),
(138, 'Norway', '0000-00-00 00:00:00', '0000-00-00 00:00:00'),
(139, 'Oman', '0000-00-00 00:00:00', '0000-00-00 00:00:00'),
(140, 'Pakistan', '0000-00-00 00:00:00', '0000-00-00 00:00:00'),
(141, 'Palau', '0000-00-00 00:00:00', '0000-00-00 00:00:00'),
(142, 'Panama', '0000-00-00 00:00:00', '0000-00-00 00:00:00'),
(143, 'Papua New Guinea', '0000-00-00 00:00:00', '0000-00-00 00:00:00'),
(144, 'Paraguay', '0000-00-00 00:00:00', '0000-00-00 00:00:00'),
(145, 'Peru', '0000-00-00 00:00:00', '0000-00-00 00:00:00'),
(146, 'Philippines', '0000-00-00 00:00:00', '0000-00-00 00:00:00'),
(147, 'Poland', '0000-00-00 00:00:00', '0000-00-00 00:00:00'),
(148, 'Portugal', '0000-00-00 00:00:00', '0000-00-00 00:00:00'),
(149, 'Qatar', '0000-00-00 00:00:00', '0000-00-00 00:00:00'),
(150, 'Romania', '0000-00-00 00:00:00', '0000-00-00 00:00:00'),
(151, 'Russia', '0000-00-00 00:00:00', '0000-00-00 00:00:00'),
(152, 'Rwanda', '0000-00-00 00:00:00', '0000-00-00 00:00:00'),
(153, 'Saint Lucia', '0000-00-00 00:00:00', '0000-00-00 00:00:00'),
(154, 'Saint Vincent and the Grenadines', '0000-00-00 00:00:00', '0000-00-00 00:00:00'),
(155, 'Samoa', '0000-00-00 00:00:00', '0000-00-00 00:00:00'),
(156, 'San Marino', '0000-00-00 00:00:00', '0000-00-00 00:00:00'),
(157, 'Sao Tome and Principe', '0000-00-00 00:00:00', '0000-00-00 00:00:00'),
(158, 'Saudi Arabia', '0000-00-00 00:00:00', '0000-00-00 00:00:00'),
(159, 'Scotland', '0000-00-00 00:00:00', '0000-00-00 00:00:00'),
(160, 'Senegal', '0000-00-00 00:00:00', '0000-00-00 00:00:00'),
(161, 'Serbia', '0000-00-00 00:00:00', '0000-00-00 00:00:00'),
(162, 'Seychelles', '0000-00-00 00:00:00', '0000-00-00 00:00:00'),
(163, 'Sierra Leone', '0000-00-00 00:00:00', '0000-00-00 00:00:00'),
(164, 'Singapore', '0000-00-00 00:00:00', '0000-00-00 00:00:00'),
(165, 'Slovakia', '0000-00-00 00:00:00', '0000-00-00 00:00:00'),
(166, 'Slovenia', '0000-00-00 00:00:00', '0000-00-00 00:00:00'),
(167, 'Solomon Islands', '0000-00-00 00:00:00', '0000-00-00 00:00:00'),
(168, 'Somalia', '0000-00-00 00:00:00', '0000-00-00 00:00:00'),
(169, 'South Africa', '0000-00-00 00:00:00', '0000-00-00 00:00:00'),
(170, 'South Korea', '0000-00-00 00:00:00', '0000-00-00 00:00:00'),
(171, 'Spain', '0000-00-00 00:00:00', '0000-00-00 00:00:00'),
(172, 'Sri Lanka', '0000-00-00 00:00:00', '0000-00-00 00:00:00'),
(173, 'Sudan', '0000-00-00 00:00:00', '0000-00-00 00:00:00'),
(174, 'Suriname', '0000-00-00 00:00:00', '0000-00-00 00:00:00'),
(175, 'Swaziland', '0000-00-00 00:00:00', '0000-00-00 00:00:00'),
(176, 'Sweden', '0000-00-00 00:00:00', '0000-00-00 00:00:00'),
(177, 'Switzerland', '0000-00-00 00:00:00', '0000-00-00 00:00:00'),
(178, 'Syria', '0000-00-00 00:00:00', '0000-00-00 00:00:00'),
(179, 'Taiwan', '0000-00-00 00:00:00', '0000-00-00 00:00:00'),
(180, 'Tajikistan', '0000-00-00 00:00:00', '0000-00-00 00:00:00'),
(181, 'Tanzania', '0000-00-00 00:00:00', '0000-00-00 00:00:00'),
(182, 'Thailand', '0000-00-00 00:00:00', '0000-00-00 00:00:00'),
(183, 'Tibet', '0000-00-00 00:00:00', '0000-00-00 00:00:00'),
(184, 'Timor-Leste', '0000-00-00 00:00:00', '0000-00-00 00:00:00'),
(185, 'Togo', '0000-00-00 00:00:00', '0000-00-00 00:00:00'),
(186, 'Tonga', '0000-00-00 00:00:00', '0000-00-00 00:00:00'),
(187, 'Trinidad and Tobago', '0000-00-00 00:00:00', '0000-00-00 00:00:00'),
(188, 'Tunisia', '0000-00-00 00:00:00', '0000-00-00 00:00:00'),
(189, 'Turkey', '0000-00-00 00:00:00', '0000-00-00 00:00:00'),
(190, 'Turkmenistan', '0000-00-00 00:00:00', '0000-00-00 00:00:00'),
(191, 'Tuvalu', '0000-00-00 00:00:00', '0000-00-00 00:00:00'),
(192, 'Uganda', '0000-00-00 00:00:00', '0000-00-00 00:00:00'),
(193, 'Ukraine', '0000-00-00 00:00:00', '0000-00-00 00:00:00'),
(194, 'United Arab Emirates', '0000-00-00 00:00:00', '0000-00-00 00:00:00'),
(195, 'United Kingdom', '0000-00-00 00:00:00', '0000-00-00 00:00:00'),
(196, 'United States', '0000-00-00 00:00:00', '0000-00-00 00:00:00'),
(197, 'Uruguay', '0000-00-00 00:00:00', '0000-00-00 00:00:00'),
(198, 'Uzbekistan', '0000-00-00 00:00:00', '0000-00-00 00:00:00'),
(199, 'Vanuatu', '0000-00-00 00:00:00', '0000-00-00 00:00:00'),
(200, 'Venezuela', '0000-00-00 00:00:00', '0000-00-00 00:00:00'),
(201, 'Vietnam', '0000-00-00 00:00:00', '0000-00-00 00:00:00'),
(202, 'Yemen', '0000-00-00 00:00:00', '0000-00-00 00:00:00'),
(203, 'Zambia', '0000-00-00 00:00:00', '0000-00-00 00:00:00'),
(204, 'Zimbabwe', '0000-00-00 00:00:00', '0000-00-00 00:00:00');

INSERT INTO `managers` (`manager_id`, `manager_name`, `manager_phone`, `manager_email`, `manager_password`, `createdAt`, `updatedAt`) VALUES
(1, 'Suresh Burde', '9730422111', 'suresh@gmail.com', '$2a$10$htw2AV3LFsrC6lkVE44.sOO4.DTU685SC/ZtGFnIWGI4OS2.5/ONa', '2021-02-24 12:38:55', '2021-02-24 12:38:55');

INSERT INTO `groups` (`group_id`, `group_name`, `threshold`, `createdAt`, `updatedAt`) VALUES
(1, 'Trip', 60, '2021-02-25 05:40:40', '2021-02-25 05:40:40'),
(3, 'Team Blue', 70, '2021-02-25 05:45:43', '2021-02-25 05:45:43'),
(4, 'TT-1stLine', 75, '2021-02-25 05:53:22', '2021-02-25 05:53:22'),
(5, 'TT-Functional', 60, '2021-02-25 05:57:33', '2021-02-25 05:57:33'),
(6, 'TT-Technical', 60, '2021-02-25 06:00:42', '2021-02-25 06:00:42'),
(7, 'DT-1stLine', 60, '2021-02-25 06:02:00', '2021-02-25 06:02:00'),
(8, 'DT-Functional', 60, '2021-02-25 06:05:59', '2021-02-25 06:05:59'),
(9, 'GT-Technical', 60, '2021-02-25 06:10:01', '2021-02-25 06:10:01'),
(10, 'GT-1stLine', 60, '2021-02-25 06:10:27', '2021-02-25 06:10:27'),
(11, 'JP-1stLine', 50, '2021-02-25 06:10:40', '2021-02-25 06:10:40'),
(12, 'TT-Core', 50, '2021-02-25 06:10:50', '2021-02-25 06:10:50');

INSERT INTO `employees` (`employee_id`, `employee_name`, `employee_phone`, `employee_email`, `employee_password`, `manager_id`, `country_id`, `createdAt`, `updatedAt`) VALUES
(2, 'Paddy Bhambare', '9730422111', 'paddy@gmail.com', 'paddy@123', 1, 83, '2021-02-25 09:23:49', '2021-02-25 09:23:49'),
(3, 'Shubham Yadav', '589741569', 'shubham@gmail.com', 'shubham@123', 1, 83, '2021-02-25 09:43:42', '2021-02-25 09:43:42'),
(4, 'Rohit Mahale', '2552565666', 'rohit@gmail.com', 'rohit@123', 1, 195, '2021-02-25 09:44:27', '2021-02-25 09:44:27'),
(5, 'Divya Kulkarni', '2563658566', 'divya@gmail.com', 'divya@123', 1, 92, '2021-02-25 09:45:07', '2021-02-25 09:45:07'),
(6, 'Suyasha Pujari', '2532266', 'suyasha@gmail.com', 'suyasha@123', 1, 92, '2021-02-25 09:45:41', '2021-02-25 09:45:41'),
(7, 'Akhil Suresh', '05252566589', 'akhil@gmail.com', 'akhil@gmail.com', 1, 196, '2021-02-25 09:46:56', '2021-02-25 09:46:56'),
(8, 'Anish Marathe', '556255894984', 'anish@gmail.com', 'anish@123', 1, 12, '2021-02-25 09:47:41', '2021-02-25 09:47:41'),
(9, 'Anis Tamboli', '5516545', 'anis@gmail.com', 'anish@123', 1, 83, '2021-02-25 09:48:18', '2021-02-25 09:48:18'),
(10, 'Shruti Abraham', '65464565', 'shruti@gmail.com', 'shruti@123', 1, 68, '2021-02-25 09:49:15', '2021-02-25 09:49:15');


INSERT INTO `empgrps` (`empgrp_id`, `group_id`, `employee_id`, `createdAt`, `updatedAt`) VALUES
(1, 3, 5, '2021-02-25 00:00:00', '2021-02-25 00:00:00'),
(2, 4, 2, '2021-02-25 00:00:00', '2021-02-25 00:00:00'),
(4, 4, 4, '2021-02-25 18:07:37', '2021-02-25 18:07:37'),
(5, 3, 2, '2021-02-25 18:32:15', '2021-02-25 18:32:15'),
(6, 3, 3, '2021-02-25 18:38:30', '2021-02-25 18:38:30'),
(7, 4, 5, '2021-02-25 18:40:06', '2021-02-25 18:40:06'),
(8, 4, 6, '2021-02-25 18:44:43', '2021-02-25 18:44:43'),
(9, 3, 6, '2021-02-25 18:46:20', '2021-02-25 18:46:20'),
(10, 3, 4, '2021-02-25 18:46:25', '2021-02-25 18:46:25'),
(11, 3, 7, '2021-02-26 04:55:24', '2021-02-26 04:55:24');

INSERT INTO `leaves` (`leave_id`, `start_date`, `end_date`, `employee_id`, `createdAt`, `updatedAt`) VALUES
(1, '2021-02-20', '2021-02-20', 2, '2021-02-26 06:49:17', '2021-02-26 06:49:17'),
(2, '2021-02-21', '2021-02-23', 4, '2021-02-26 07:11:50', '2021-02-26 07:11:50'),
(3, '2021-02-20', '2021-02-20', 3, '2021-02-26 07:12:09', '2021-02-26 07:12:09'),
(5, '2021-02-28', '2021-02-28', 5, '2021-02-26 08:47:23', '2021-02-26 08:47:23'),
(6, '2021-02-28', '2021-03-04', 2, '2021-02-26 08:48:25', '2021-02-26 08:48:25'),
(147, '2021-02-02', '2021-02-06', 2, '2021-02-28 09:23:30', '2021-02-28 09:23:30'),
(148, '2021-02-02', '2021-02-06', 5, '2021-02-28 09:31:38', '2021-02-28 09:31:38'),
(149, '2021-02-02', '2021-02-04', 3, '2021-02-28 09:32:04', '2021-02-28 09:32:04'),
(150, '2021-02-02', '2021-02-05', 6, '2021-02-28 09:32:27', '2021-02-28 09:32:27'),
(151, '2021-02-02', '2021-02-06', 4, '2021-02-28 09:33:28', '2021-02-28 09:33:28'),
(152, '2021-02-01', '2021-02-02', 10, '2021-02-28 11:41:31', '2021-02-28 11:41:31'),
(153, '2021-02-01', '2021-02-02', 9, '2021-02-28 11:42:36', '2021-02-28 11:42:36');

INSERT INTO `holidays` (`country_id`,`createdAt`, `updatedAt`, `public_holiday_date`, `public_holiday_name`) VALUES
(83, '0000-00-00 00:00:00', '0000-00-00 00:00:00', '2021-01-13', 'Lohri'),
(83, '0000-00-00 00:00:00', '0000-00-00 00:00:00', '2021-01-01', 'New Year'),
(83, '0000-00-00 00:00:00', '0000-00-00 00:00:00', '2021-01-14', 'Makar Sankranti/Pongal'),
(83, '0000-00-00 00:00:00', '0000-00-00 00:00:00', '2021-01-20', "Guru Gobind Singh's Birthday"),
(83, '0000-00-00 00:00:00', '0000-00-00 00:00:00', '2021-01-26', 'Republic Day (G)'),
(83, '0000-00-00 00:00:00', '0000-00-00 00:00:00', '2021-02-16', 'Basant Panchami / Sri Panchami'),
(83, '0000-00-00 00:00:00', '0000-00-00 00:00:00', '2021-02-19', 'Shivaji Maharaj Jayanti'),
(83, '0000-00-00 00:00:00', '0000-00-00 00:00:00', '2021-02-26', "Hazarat Ali's Birthday"),
(83, '0000-00-00 00:00:00', '0000-00-00 00:00:00', '2021-02-27', "Guru Ravidas's Birthday"),
(83, '0000-00-00 00:00:00', '0000-00-00 00:00:00', '2021-03-08', 'Swami Dayananda Saraswati Jayanti'),
(83, '0000-00-00 00:00:00', '0000-00-00 00:00:00', '2021-03-11', 'Maha Shivaratri'),
(83, '0000-00-00 00:00:00', '0000-00-00 00:00:00', '2021-03-28', 'Holika Dahan/Dolyatra'),
(83, '0000-00-00 00:00:00', '0000-00-00 00:00:00', '2021-03-29', 'Holi (G)'),
(83, '0000-00-00 00:00:00', '0000-00-00 00:00:00', '2021-04-02', 'Good Friday (G)'),
(83, '0000-00-00 00:00:00', '0000-00-00 00:00:00', '2021-04-13', 'Chaitra Sukladi / Gudi Padava / Ugadi / Cheti Chand / Vaisakhi / Vishu'),
(83, '0000-00-00 00:00:00', '0000-00-00 00:00:00', '2021-04-21', 'Ram Navami (G)'),
(83, '0000-00-00 00:00:00', '0000-00-00 00:00:00', '2021-04-25', 'Mahavir Jayanti (G)'),
(83, '0000-00-00 00:00:00', '0000-00-00 00:00:00', '2021-05-01', 'Labour Day'),
(83, '0000-00-00 00:00:00', '0000-00-00 00:00:00', '2021-05-14', 'Eid-ul-Fitar (G)'),
(83, '0000-00-00 00:00:00', '0000-00-00 00:00:00', '2021-05-26', 'Buddha Purnima (G)'),
(83, '0000-00-00 00:00:00', '0000-00-00 00:00:00', '2021-07-12', 'Rath Yatra'),
(83, '0000-00-00 00:00:00', '0000-00-00 00:00:00', '2021-07-21', 'Id-ul-Zuha (Bakrid) (G)'),
(83, '0000-00-00 00:00:00', '0000-00-00 00:00:00', '2021-08-15', 'Independence Day (G)'),
(83, '0000-00-00 00:00:00', '0000-00-00 00:00:00', '2021-08-19', 'Muharram (G)'),
(83, '0000-00-00 00:00:00', '0000-00-00 00:00:00', '2021-08-21', 'Onam'),
(83, '0000-00-00 00:00:00', '0000-00-00 00:00:00', '2021-08-22', 'Raksha Bandhan'),
(83, '0000-00-00 00:00:00', '0000-00-00 00:00:00', '2021-08-30', 'Janamashtami (G)'),
(83, '0000-00-00 00:00:00', '0000-00-00 00:00:00', '2021-09-10', 'Vinayaka Chaturthi'),
(83, '0000-00-00 00:00:00', '0000-00-00 00:00:00', '2021-10-02', 'Gandhi Jayanti (G)'),
(83, '0000-00-00 00:00:00', '0000-00-00 00:00:00', '2021-10-15', 'Dussehra (G)'),
(83, '0000-00-00 00:00:00', '0000-00-00 00:00:00', '2021-10-19', 'Milad-un-Nabi or Id-e-Milad (G)'),
(83, '0000-00-00 00:00:00', '0000-00-00 00:00:00', '2021-11-04', 'Diwali (G)'),
(83, '0000-00-00 00:00:00', '0000-00-00 00:00:00', '2021-11-06', 'Bhai Duj'),
(83, '0000-00-00 00:00:00', '0000-00-00 00:00:00', '2021-11-19', 'Gurupurab (G)'),
(83, '0000-00-00 00:00:00', '0000-00-00 00:00:00', '2021-12-25', 'Christmas (G)');


INSERT INTO `risks` (`risk_id`, `start_date`, `end_date`, `description`, `risk_type`, `group_id`, `createdAt`, `updatedAt`) VALUES
(13, '2021-02-02', '2021-02-06', 'Required Threshold : 75  Current Threshold : 0', '#bca81d', 4, '2021-02-28 09:23:30', '2021-02-28 09:23:30'),
(14, '2021-02-02', '2021-02-06', 'Required Threshold : 50  Current Threshold : 25', 'red', 12, '2021-02-28 09:23:30', '2021-02-28 09:23:30'),
(15, '2021-02-02', '2021-02-06', 'Required Threshold : 70  Current Threshold : 0', 'red', 3, '2021-02-28 09:33:28', '2021-02-28 09:33:28');